benchmark,scheduler,data_distribution,vicinity,simulated_communication_cost,simulated_execution_time,task_count,steal_count,local_execution_count,remote_execution_count
map,ws,coarse,1,6668288,281072,64,63,1,63
map,ws,coarse,2,6668288,281072,64,63,1,63
map,ws,coarse,3,6668288,281072,64,63,1,63
map,ws,coarse,4,6668288,281072,64,63,1,63
map,ws,coarse,6,6668288,281072,64,63,1,63
map,ws,coarse,8,6668288,281072,64,63,1,63
map,ws,coarse,14,6668288,281072,64,63,1,63
map,ws,fine,1,6299648,255600,64,63,1,63
map,ws,fine,2,6299648,255600,64,63,1,63
map,ws,fine,3,6299648,255600,64,63,1,63
map,ws,fine,4,6299648,255600,64,63,1,63
map,ws,fine,6,6299648,255600,64,63,1,63
map,ws,fine,8,6299648,255600,64,63,1,63
map,ws,fine,14,6299648,255600,64,63,1,63
map,la,coarse,1,1310720,170480,64,0,64,0
map,la,coarse,2,1310720,170480,64,0,64,0
map,la,coarse,3,1310720,170480,64,0,64,0
map,la,coarse,4,1310720,170480,64,0,64,0
map,la,coarse,6,1310720,170480,64,0,64,0
map,la,coarse,8,1310720,170480,64,0,64,0
map,la,coarse,14,1310720,170480,64,0,64,0
map,la,fine,1,5998592,3176368,64,51,13,51
map,la,fine,2,6042624,1231920,64,59,5,59
map,la,fine,3,6115328,748368,64,61,3,61
map,la,fine,4,6185984,500960,64,62,2,62
map,la,fine,6,6285312,511200,64,63,1,63
map,la,fine,8,6299648,255600,64,63,1,63
map,la,fine,14,6299648,255600,64,63,1,63
vecmul,ws,coarse,1,4992000,277536,64,63,1,63
vecmul,ws,coarse,2,4992000,277536,64,63,1,63
vecmul,ws,coarse,3,4992000,277536,64,63,1,63
vecmul,ws,coarse,4,4992000,277536,64,63,1,63
vecmul,ws,coarse,6,4992000,277536,64,63,1,63
vecmul,ws,coarse,8,4992000,277536,64,63,1,63
vecmul,ws,coarse,14,4992000,277536,64,63,1,63
vecmul,ws,fine,1,4724736,259200,64,63,1,63
vecmul,ws,fine,2,4724736,259200,64,63,1,63
vecmul,ws,fine,3,4724736,259200,64,63,1,63
vecmul,ws,fine,4,4724736,259200,64,63,1,63
vecmul,ws,fine,6,4724736,259200,64,63,1,63
vecmul,ws,fine,8,4724736,259200,64,63,1,63
vecmul,ws,fine,14,4724736,259200,64,63,1,63
vecmul,la,coarse,1,1767936,216864,64,0,64,0
vecmul,la,coarse,2,1767936,216864,64,0,64,0
vecmul,la,coarse,3,1767936,216864,64,0,64,0
vecmul,la,coarse,4,1767936,216864,64,0,64,0
vecmul,la,coarse,6,1767936,216864,64,0,64,0
vecmul,la,coarse,8,1767936,216864,64,0,64,0
vecmul,la,coarse,14,1767936,216864,64,0,64,0
vecmul,la,fine,1,4498944,3259776,64,51,13,51
vecmul,la,fine,2,4531968,1261440,64,59,5,59
vecmul,la,fine,3,4586496,763776,64,61,3,61
vecmul,la,fine,4,4639488,510720,64,62,2,62
vecmul,la,fine,6,4713984,518400,64,63,1,63
vecmul,la,fine,8,4724736,259200,64,63,1,63
vecmul,la,fine,14,4724736,259200,64,63,1,63
