benchmark,scheduler_policy,dist_policy,topology,run_id,exec_cycles,comm_cost_total,comm_tasks_total,comm_cost_avg,tasks_stolen,tasks_owned,check_ok
map,ws,coarse,numa8,1,28075470,3548381184,48,73924608.0,47,1,1
map,ws,coarse,numa8,2,30616334,3774873600,48,78643200.0,47,1,1
map,ws,coarse,numa8,3,28320167,3699376128,48,77070336.0,47,1,1
map,ws,coarse,numa8,4,28125177,3623878656,48,75497472.0,47,1,1
map,ws,coarse,numa8,5,44743187,3674210304,48,76546048.0,44,4,1
map,ws,fine,numa8,1,26435502,3674210304,48,76546048.0,46,2,1
map,ws,fine,numa8,2,29899804,3674210304,48,76546048.0,47,1,1
map,ws,fine,numa8,3,27666736,3674210304,48,76546048.0,47,1,1
map,ws,fine,numa8,4,27946962,3674210304,48,76546048.0,47,1,1
map,ws,fine,numa8,5,34792712,3674210304,48,76546048.0,47,1,1
map,la,coarse,numa8,1,25602013,2013265920,48,41943040.0,0,48,1
map,la,coarse,numa8,2,26036368,2013265920,48,41943040.0,0,48,1
map,la,coarse,numa8,3,25731786,2013265920,48,41943040.0,0,48,1
map,la,coarse,numa8,4,26225057,2013265920,48,41943040.0,0,48,1
map,la,coarse,numa8,5,25843361,2013265920,48,41943040.0,0,48,1
map,la,fine,numa8,1,26150147,3674210304,48,76546048.0,42,6,1
map,la,fine,numa8,2,26761197,3674210304,48,76546048.0,42,6,1
map,la,fine,numa8,3,27293657,3674210304,48,76546048.0,40,8,1
map,la,fine,numa8,4,26827237,3674210304,48,76546048.0,45,3,1
map,la,fine,numa8,5,26582031,3674210304,48,76546048.0,43,5,1
matmul,ws,coarse,numa8,1,1088500108,9854517248,256,38494208.0,246,10,1
matmul,ws,coarse,numa8,2,1101475411,9923723264,256,38764544.0,246,10,1
matmul,ws,coarse,numa8,3,1143915324,9709813760,256,37928960.0,246,10,1
matmul,ws,coarse,numa8,4,1089489195,9659482112,256,37732352.0,244,12,1
matmul,ws,coarse,numa8,5,1083851583,9779019776,256,38199296.0,244,12,1
matmul,ws,fine,numa8,1,1077426432,9797894144,256,38273024.0,248,8,1
matmul,ws,fine,numa8,2,1060393220,9797894144,256,38273024.0,243,13,1
matmul,ws,fine,numa8,3,1090937302,9797894144,256,38273024.0,246,10,1
matmul,ws,fine,numa8,4,1072445584,9797894144,256,38273024.0,247,9,1
matmul,ws,fine,numa8,5,1063246324,9797894144,256,38273024.0,244,12,1
matmul,la,coarse,numa8,1,1094470633,7589593088,256,29646848.0,1,255,1
matmul,la,coarse,numa8,2,1076638234,7595884544,256,29671424.0,1,255,1
matmul,la,coarse,numa8,3,1077930984,7583301632,256,29622272.0,0,256,1
matmul,la,coarse,numa8,4,1095215246,7583301632,256,29622272.0,0,256,1
matmul,la,coarse,numa8,5,1129419062,7583301632,256,29622272.0,0,256,1
matmul,la,fine,numa8,1,1068063208,9797894144,256,38273024.0,226,30,1
matmul,la,fine,numa8,2,1061786255,9797894144,256,38273024.0,223,33,1
matmul,la,fine,numa8,3,1057392104,9797894144,256,38273024.0,225,31,1
matmul,la,fine,numa8,4,1065188990,9797894144,256,38273024.0,225,31,1
matmul,la,fine,numa8,5,1063270198,9797894144,256,38273024.0,222,34,1
reduction,ws,coarse,numa8,1,15960530,4592762880,48,95682560.0,47,1,1
reduction,ws,coarse,numa8,2,16730943,4781506560,48,99614720.0,44,4,1
reduction,ws,coarse,numa8,3,16779664,4655677440,48,96993280.0,47,1,1
reduction,ws,coarse,numa8,4,16568866,4466933760,48,93061120.0,43,5,1
reduction,ws,coarse,numa8,5,17260657,4466933760,48,93061120.0,47,1,1
reduction,ws,fine,numa8,1,16663824,4592762880,48,95682560.0,47,1,1
reduction,ws,fine,numa8,2,16248816,4592762880,48,95682560.0,43,5,1
reduction,ws,fine,numa8,3,16185424,4592762880,48,95682560.0,47,1,1
reduction,ws,fine,numa8,4,15413218,4592762880,48,95682560.0,45,3,1
reduction,ws,fine,numa8,5,16493266,4592762880,48,95682560.0,45,3,1
reduction,la,coarse,numa8,1,17192212,4215275520,48,87818240.0,34,14,1
reduction,la,coarse,numa8,2,16907332,4404019200,48,91750400.0,42,6,1
reduction,la,coarse,numa8,3,17130617,4246732800,48,88473600.0,35,13,1
reduction,la,coarse,numa8,4,16767947,4561305600,48,95027200.0,39,9,1
reduction,la,coarse,numa8,5,17827199,4529848320,48,94371840.0,38,10,1
reduction,la,fine,numa8,1,16199121,4592762880,48,95682560.0,47,1,1
reduction,la,fine,numa8,2,16046916,4592762880,48,95682560.0,39,9,1
reduction,la,fine,numa8,3,16693814,4592762880,48,95682560.0,44,4,1
reduction,la,fine,numa8,4,15971039,4592762880,48,95682560.0,38,10,1
reduction,la,fine,numa8,5,18101178,4592762880,48,95682560.0,44,4,1
jacobi,ws,coarse,numa8,1,14235916,5460983808,64,85327872.0,61,3,1
jacobi,ws,coarse,numa8,2,16012299,5536481280,64,86507520.0,62,2,1
jacobi,ws,coarse,numa8,3,16567959,5605687296,64,87588864.0,63,1,1
jacobi,ws,coarse,numa8,4,14515600,5643436032,64,88178688.0,61,3,1
jacobi,ws,coarse,numa8,5,15465898,5750390784,64,89849856.0,60,4,1
jacobi,ws,fine,numa8,1,15593823,5511315456,64,86114304.0,63,1,1
jacobi,ws,fine,numa8,2,15069281,5511315456,64,86114304.0,63,1,1
jacobi,ws,fine,numa8,3,14993959,5511315456,64,86114304.0,62,2,1
jacobi,ws,fine,numa8,4,14884282,5511315456,64,86114304.0,61,3,1
jacobi,ws,fine,numa8,5,16216897,5511315456,64,86114304.0,59,5,1
jacobi,la,coarse,numa8,1,15074271,5442109440,64,85032960.0,57,7,1
jacobi,la,coarse,numa8,2,14954916,5259657216,64,82182144.0,49,15,1
jacobi,la,coarse,numa8,3,17145397,4957667328,64,77463552.0,47,17,1
jacobi,la,coarse,numa8,4,16062504,5127536640,64,80117760.0,51,13,1
jacobi,la,coarse,numa8,5,14957965,5391777792,64,84246528.0,50,14,1
jacobi,la,fine,numa8,1,14558896,5511315456,64,86114304.0,56,8,1
jacobi,la,fine,numa8,2,16431018,5511315456,64,86114304.0,62,2,1
jacobi,la,fine,numa8,3,16425735,5511315456,64,86114304.0,56,8,1
jacobi,la,fine,numa8,4,18329004,5511315456,64,86114304.0,56,8,1
jacobi,la,fine,numa8,5,15537930,5511315456,64,86114304.0,58,6,1
sparselu,ws,coarse,numa8,1,5198860218,10393485312,204,50948457.4,183,21,1
sparselu,ws,coarse,numa8,2,5183017487,10349445120,204,50732574.1,183,21,1
sparselu,ws,coarse,numa8,3,5113944581,10431234048,204,51133500.2,183,21,1
sparselu,ws,coarse,numa8,4,5134760482,10399776768,204,50979297.9,181,23,1
sparselu,ws,coarse,numa8,5,5163679262,10248781824,204,50239126.6,182,22,1
sparselu,ws,fine,numa8,1,5267610267,10333716480,204,50655472.9,182,22,1
sparselu,ws,fine,numa8,2,5227030707,10333716480,204,50655472.9,181,23,1
sparselu,ws,fine,numa8,3,5278030553,10333716480,204,50655472.9,181,23,1
sparselu,ws,fine,numa8,4,5226886069,10333716480,204,50655472.9,180,24,1
sparselu,ws,fine,numa8,5,5086970793,10333716480,204,50655472.9,182,22,1
sparselu,la,coarse,numa8,1,5988198373,7574913024,204,37131926.6,15,189,1
sparselu,la,coarse,numa8,2,5907764467,7612661760,204,37316969.4,18,186,1
sparselu,la,coarse,numa8,3,5894987230,7581204480,204,37162767.1,13,191,1
sparselu,la,coarse,numa8,4,5949103101,7606370304,204,37286128.9,18,186,1
sparselu,la,coarse,numa8,5,5936586008,7600078848,204,37255288.5,16,188,1
sparselu,la,fine,numa8,1,5168170996,10333716480,204,50655472.9,166,38,1
sparselu,la,fine,numa8,2,5123279500,10333716480,204,50655472.9,168,36,1
sparselu,la,fine,numa8,3,5211106414,10333716480,204,50655472.9,164,40,1
sparselu,la,fine,numa8,4,5381500463,10333716480,204,50655472.9,167,37,1
sparselu,la,fine,numa8,5,5294968918,10333716480,204,50655472.9,167,37,1
